instance_id,music_genre
48564,Rap
72394,Blues
88081,Rap
78331,Country
72636,Alternative
74228,Classical
39106,Alternative
78829,Country
91469,Country
54558,Blues
44055,Anime
29671,Classical
56323,Country
54809,Blues
55369,Rap
68566,Rap
53565,Alternative
69565,Rock
39014,Rap
28452,Electronic
40219,Blues
41832,Rap
50963,Electronic
58058,Country
41339,Country
25263,Anime
30932,Rap
65113,Blues
43628,Blues
82352,Rap
25868,Electronic
57582,Rock
64912,Rap
30690,Country
58160,Rap
48352,Electronic
32598,Blues
81733,Electronic
68478,Country
61070,Jazz
87062,Jazz
50604,Rock
51443,Alternative
79739,Country
52375,Electronic
43645,Country
51950,Blues
62180,Electronic
91491,Rap
57217,Anime
30912,Country
37289,Rap
58378,Rap
83848,Country
88071,Anime
78696,Blues
73721,Country
21431,Anime
33066,Country
71571,Electronic
54360,Country
61237,Alternative
43763,Anime
53222,Rap
24144,Rap
35526,Alternative
79272,Country
28682,Hip-Hop
78220,Classical
42113,Alternative
29197,Electronic
73749,Electronic
76959,Anime
32662,Rock
28240,Blues
78684,Rap
23339,Country
66580,Electronic
62293,Blues
73224,Blues
63436,Anime
85265,Electronic
49131,Blues
42894,Blues
32778,Blues
88626,Anime
20474,Anime
57621,Alternative
68702,Alternative
68429,Rap
48412,Alternative
31462,Hip-Hop
20258,Blues
80048,Anime
36643,Country
51269,Anime
36620,Anime
47393,Anime
34229,Blues
27054,Blues
74946,Blues
79753,Classical
78997,Blues
90739,Alternative
34604,Jazz
48875,Blues
72374,Alternative
84383,Electronic
82285,Anime
49168,Country
35219,Anime
72531,Blues
37626,Blues
74540,Alternative
22782,Blues
59663,Rap
65605,Alternative
63227,Electronic
27942,Rock
61120,Rap
59041,Rap
67531,Blues
89417,Blues
51652,Country
23769,Rap
88512,Rap
69103,Rock
25734,Rock
35192,Blues
77761,Anime
58002,Rap
27331,Rap
90879,Rap
66951,Alternative
21111,Alternative
36583,Blues
69430,Classical
26846,Rap
54227,Classical
79612,Rock
36250,Blues
71243,Jazz
41033,Classical
58600,Rap
64358,Electronic
55882,Blues
67981,Rap
78157,Country
39280,Rock
65167,Anime
50033,Rap
34067,Country
71541,Blues
58044,Alternative
67611,Rap
88524,Blues
50007,Rock
36733,Electronic
55966,Alternative
29854,Country
47533,Rap
84957,Rock
27733,Blues
88890,Rock
71105,Hip-Hop
87402,Rap
81300,Classical
25948,Electronic
30686,Anime
27597,Classical
46658,Electronic
33241,Blues
34855,Rap
39290,Country
61297,Rap
79393,Rap
85447,Rock
24779,Classical
21888,Blues
22450,Rock
21637,Blues
76444,Alternative
34627,Anime
30361,Electronic
22862,Rap
55635,Rap
39392,Alternative
21530,Blues
53803,Electronic
79904,Alternative
79589,Country
38281,Electronic
26187,Blues
65289,Blues
38631,Blues
34026,Alternative
81881,Country
25877,Classical
79755,Rap
67894,Jazz
50248,Alternative
32074,Blues
41890,Alternative
36233,Blues
63019,Electronic
31135,Electronic
91653,Classical
67493,Rap
45720,Rock
78113,Alternative
66990,Rock
33226,Rap
43840,Electronic
66599,Electronic
37709,Anime
89646,Jazz
41952,Blues
90953,Classical
26762,Alternative
62414,Alternative
54492,Alternative
22070,Alternative
34735,Classical
37276,Blues
91709,Blues
79337,Anime
32555,Blues
28310,Rap
60154,Rap
89947,Alternative
67061,Alternative
82280,Country
67551,Rap
49912,Blues
44285,Country
62759,Blues
26763,Rock
88251,Alternative
21144,Rap
39166,Blues
58756,Anime
74087,Rap
58075,Blues
49533,Blues
79989,Electronic
58425,Electronic
62607,Classical
85075,Jazz
56756,Alternative
28898,Blues
42118,Blues
55409,Rap
31714,Anime
41361,Hip-Hop
30503,Rock
45222,Blues
68913,Country
74995,Rap
47775,Electronic
37384,Anime
49180,Anime
28678,Classical
42464,Rock
79508,Alternative
62403,Electronic
40756,Rap
85665,Country
79277,Country
23449,Hip-Hop
82350,Blues
61130,Country
55562,Rap
78807,Country
67592,Blues
58204,Country
42874,Rap
76341,Rap
47432,Classical
22904,Blues
42683,Electronic
72925,Jazz
25202,Alternative
23994,Hip-Hop
41096,Blues
53503,Rap
83671,Country
59711,Alternative
61562,Alternative
67914,Blues
50650,Electronic
32141,Rap
50317,Jazz
51665,Alternative
70042,Country
27911,Blues
40311,Rap
49904,Hip-Hop
47588,Alternative
44657,Blues
23053,Rap
42143,Country
77852,Classical
58240,Blues
67419,Blues
75524,Electronic
29774,Rap
60161,Electronic
45935,Classical
50100,Hip-Hop
27735,Blues
22155,Anime
28074,Jazz
70652,Rock
73891,Classical
67578,Classical
48379,Country
53364,Rap
46115,Blues
80693,Blues
86176,Alternative
69079,Country
29436,Country
55813,Anime
78708,Alternative
81049,Rock
36822,Jazz
22274,Electronic
41472,Blues
69744,Blues
85910,Rap
79522,Rap
86953,Rap
65953,Rap
70639,Anime
79193,Blues
35294,Blues
77931,Blues
63066,Blues
68106,Blues
85652,Jazz
68770,Blues
75085,Rap
80369,Blues
79286,Blues
63102,Alternative
86706,Rap
49496,Country
43631,Electronic
28056,Rap
37736,Blues
60812,Blues
23204,Blues
54161,Blues
30121,Country
66816,Rock
82621,Anime
28760,Blues
85574,Rap
27085,Electronic
58429,Country
39227,Classical
75952,Rap
83656,Country
58626,Blues
76948,Rap
40834,Alternative
66252,Rap
59319,Classical
62342,Classical
32156,Electronic
35817,Country
77770,Country
25530,Electronic
67138,Hip-Hop
74197,Electronic
28720,Classical
34223,Anime
59705,Country
26142,Country
46526,Rap
23005,Rock
59474,Classical
45707,Blues
27027,Classical
57553,Rock
90987,Rap
41262,Electronic
78385,Alternative
30750,Rap
65283,Blues
45981,Classical
65943,Rap
22917,Rap
81906,Alternative
47576,Classical
83134,Rap
77843,Country
30061,Blues
85448,Alternative
58815,Blues
39610,Classical
28228,Electronic
20724,Electronic
39201,Electronic
77056,Anime
52020,Alternative
22943,Rap
87928,Rap
91571,Jazz
35921,Alternative
86157,Jazz
61361,Classical
61824,Rock
91068,Country
26519,Country
54567,Country
84864,Blues
86854,Rap
28672,Classical
89590,Rap
40950,Classical
84346,Country
88444,Alternative
84165,Blues
54821,Blues
49692,Blues
46715,Rap
52010,Rap
82981,Anime
25725,Rap
30019,Country
35896,Country
79523,Anime
86615,Country
22846,Rap
69121,Rap
87501,Classical
60441,Anime
59679,Anime
73116,Jazz
79128,Blues
77924,Blues
50103,Electronic
32687,Classical
36166,Anime
23042,Anime
86267,Classical
86002,Alternative
54217,Classical
32061,Rap
90641,Classical
25215,Blues
76746,Blues
55403,Rap
53545,Anime
28508,Rock
34635,Classical
83181,Electronic
40431,Rap
53432,Electronic
72380,Country
91547,Rock
21329,Rap
48834,Electronic
60260,Jazz
62596,Rap
88414,Jazz
27670,Rock
20184,Rap
74754,Alternative
51779,Blues
44229,Blues
38429,Electronic
52175,Electronic
74508,Country
38226,Blues
88033,Hip-Hop
46508,Country
28366,Country
43879,Blues
76786,Country
79751,Blues
68264,Electronic
35263,Electronic
27380,Jazz
43617,Alternative
66753,Alternative
81392,Electronic
87466,Blues
43503,Anime
64420,Alternative
79663,Blues
69705,Alternative
23454,Anime
89415,Blues
85299,Jazz
52464,Electronic
87262,Electronic
82220,Electronic
53978,Rap
26077,Anime
34361,Classical
79197,Country
44679,Jazz
87060,Rock
69407,Anime
24344,Rap
32903,Anime
81260,Rap
87783,Rock
59070,Blues
84713,Country
39540,Alternative
87881,Electronic
62139,Country
34809,Electronic
25628,Blues
45163,Alternative
30628,Anime
88973,Rap
79958,Blues
39602,Electronic
67145,Alternative
31157,Rap
89361,Rock
38655,Rap
30081,Country
85900,Electronic
73908,Rock
40349,Blues
54879,Rock
67338,Alternative
37894,Alternative
83715,Blues
27123,Electronic
91289,Classical
53547,Country
78358,Blues
73070,Anime
85231,Electronic
57054,Rap
26421,Rap
84532,Rap
65393,Rock
27409,Electronic
54312,Alternative
74195,Blues
48112,Blues
48227,Alternative
67568,Anime
38819,Rap
29974,Anime
75851,Alternative
38200,Blues
34119,Alternative
47538,Classical
50199,Rap
27378,Country
54292,Electronic
25808,Rap
64587,Blues
75010,Blues
87791,Hip-Hop
85250,Rap
62104,Electronic
57713,Alternative
79767,Blues
57625,Blues
21071,Electronic
54208,Electronic
22607,Classical
28279,Rap
33901,Blues
35304,Rock
73033,Blues
43728,Country
38952,Anime
35753,Rap
87301,Blues
68674,Electronic
89545,Jazz
84037,Blues
40629,Anime
66762,Rap
38489,Rock
50798,Rap
59440,Blues
65178,Blues
89685,Blues
75272,Electronic
86956,Rap
54030,Country
82915,Rap
52094,Alternative
51792,Hip-Hop
28284,Rap
20113,Country
87653,Rap
35743,Electronic
26678,Anime
73596,Blues
51560,Alternative
56709,Rap
24928,Electronic
53403,Blues
22619,Blues
53744,Classical
54616,Rap
61554,Country
69985,Rock
77452,Rock
23419,Rock
33908,Alternative
28964,Country
76506,Electronic
33456,Rock
24191,Rap
71957,Rap
60030,Alternative
67030,Rock
48507,Alternative
70915,Alternative
46551,Rock
89424,Jazz
44108,Alternative
75115,Rap
22398,Country
80442,Alternative
28649,Rap
44755,Rap
40871,Jazz
81727,Electronic
90895,Anime
80298,Alternative
36834,Country
64081,Rap
42371,Alternative
30453,Rap
36618,Hip-Hop
61161,Anime
69958,Rap
77541,Blues
39478,Rap
53182,Country
91376,Country
74527,Classical
37367,Electronic
85484,Alternative
78633,Anime
48596,Alternative
74826,Rap
80998,Jazz
53417,Hip-Hop
57049,Rap
33615,Electronic
80751,Electronic
61234,Blues
62521,Anime
23508,Alternative
87143,Alternative
77220,Alternative
78207,Rap
39623,Rock
39015,Electronic
67572,Electronic
82669,Alternative
46911,Rap
76013,Classical
80753,Rap
48074,Country
64825,Anime
63874,Blues
57271,Rock
51202,Electronic
67118,Rap
83814,Blues
39573,Alternative
84886,Electronic
86847,Electronic
82518,Alternative
42067,Alternative
48139,Blues
56337,Alternative
88537,Blues
59730,Blues
32174,Rap
73134,Anime
44579,Rap
31042,Electronic
73932,Rap
88390,Electronic
83099,Country
84090,Anime
78602,Jazz
49931,Electronic
35740,Country
54430,Anime
36997,Jazz
46176,Alternative
59673,Blues
79201,Rock
83689,Rap
84282,Rap
77132,Country
66739,Anime
88734,Alternative
83245,Blues
25710,Alternative
39970,Classical
76018,Country
44135,Alternative
70179,Rap
83697,Electronic
36561,Blues
84578,Blues
70828,Country
83492,Rap
27262,Rock
51203,Electronic
58158,Electronic
61086,Electronic
67100,Anime
25075,Blues
88257,Country
51359,Alternative
39806,Rap
83290,Classical
71123,Classical
75263,Rap
21285,Alternative
39144,Electronic
81556,Classical
75841,Blues
72512,Country
70076,Rock
20475,Rock
60876,Anime
66334,Blues
46536,Rap
21821,Electronic
66861,Country
59942,Country
61748,Electronic
30388,Rap
38184,Country
47767,Alternative
33039,Rock
85876,Classical
49775,Anime
33221,Alternative
20810,Country
36524,Country
79824,Blues
28907,Rap
36410,Electronic
85580,Blues
62021,Blues
35234,Blues
41738,Alternative
30543,Blues
32989,Blues
28163,Anime
33828,Blues
67600,Rap
61671,Blues
44146,Blues
63726,Rap
84088,Anime
28335,Blues
88531,Country
22198,Anime
38212,Anime
66928,Blues
85196,Rock
27991,Electronic
90666,Classical
31945,Anime
86909,Blues
69376,Country
63721,Jazz
47711,Rap
26007,Blues
50041,Rap
23664,Anime
84668,Classical
59235,Blues
82927,Anime
56602,Anime
51534,Country
29908,Country
62571,Anime
38427,Rap
49885,Rap
68035,Country
47258,Electronic
32688,Electronic
69783,Anime
58518,Blues
25785,Classical
40674,Anime
74474,Blues
60437,Blues
23622,Electronic
45052,Blues
70889,Blues
75764,Blues
46132,Alternative
44894,Rap
67077,Blues
26779,Alternative
90219,Classical
91167,Rock
54884,Blues
64678,Country
72419,Classical
83764,Classical
28186,Blues
44624,Alternative
60777,Rap
43148,Country
52203,Rap
46274,Alternative
80212,Blues
27001,Rap
34554,Classical
89072,Blues
44487,Country
82282,Alternative
54254,Anime
82299,Country
84743,Classical
54079,Alternative
60209,Electronic
33289,Rap
85846,Electronic
37991,Classical
72003,Electronic
62836,Alternative
25381,Blues
61659,Electronic
71642,Country
80286,Anime
30541,Electronic
31155,Anime
46418,Electronic
82955,Blues
70585,Anime
88180,Blues
62783,Anime
50771,Electronic
21105,Country
84877,Rap
78148,Country
67139,Electronic
56479,Classical
90177,Anime
63384,Country
23928,Rap
60749,Blues
68536,Country
79598,Anime
25252,Alternative
60822,Jazz
77505,Classical
22240,Rap
49113,Electronic
41580,Blues
61907,Alternative
32568,Blues
39605,Classical
64719,Alternative
23473,Blues
20307,Rap
56738,Rap
35991,Rock
73523,Rap
37642,Rap
81112,Blues
32712,Rap
54062,Anime
73419,Jazz
22248,Classical
55308,Electronic
45343,Blues
29305,Rock
73902,Alternative
51267,Country
25157,Classical
36521,Rap
67241,Country
37570,Classical
22494,Blues
86486,Classical
39626,Rap
90012,Alternative
82025,Rap
63481,Jazz
42187,Rock
47892,Rap
83995,Blues
68152,Alternative
47899,Country
54923,Alternative
27286,Country
43508,Anime
43609,Rock
37814,Electronic
82006,Blues
37701,Blues
53248,Electronic
88692,Blues
50223,Blues
50528,Anime
39604,Anime
63225,Anime
89175,Anime
46776,Blues
44480,Blues
47890,Alternative
59958,Electronic
71497,Hip-Hop
81884,Jazz
25192,Classical
47627,Alternative
39869,Alternative
27854,Electronic
87753,Country
72961,Alternative
44528,Rap
40270,Electronic
75334,Blues
82276,Alternative
52182,Anime
53685,Rap
88872,Alternative
57298,Country
70416,Country
63095,Alternative
37324,Rap
65017,Country
36441,Rap
75545,Rap
26520,Electronic
30517,Blues
90819,Country
56008,Blues
46832,Rock
57028,Blues
27156,Anime
62455,Blues
55149,Anime
22170,Alternative
68329,Electronic
22554,Alternative
74505,Jazz
46114,Alternative
81510,Alternative
43169,Alternative
69755,Hip-Hop
24200,Country
33600,Classical
55719,Jazz
64201,Blues
24202,Anime
33488,Alternative
46652,Electronic
32250,Country
27917,Blues
73828,Jazz
34363,Blues
46939,Rock
78931,Blues
23749,Electronic
53574,Rock
55328,Alternative
87246,Alternative
31058,Anime
80721,Rap
42908,Rock
25612,Rap
22781,Blues
34175,Country
26434,Jazz
90160,Rap
65631,Blues
85393,Electronic
52736,Country
87139,Alternative
40831,Alternative
28938,Blues
86484,Country
71536,Blues
87650,Jazz
74169,Country
87417,Electronic
58181,Jazz
75896,Country
83022,Rap
34209,Country
74159,Rap
33612,Blues
68424,Rap
75224,Classical
49084,Rap
45005,Alternative
26427,Classical
39702,Jazz
45739,Alternative
38698,Anime
36109,Classical
84104,Rap
74096,Country
33130,Alternative
57815,Blues
79081,Jazz
43010,Blues
74107,Hip-Hop
33331,Country
86104,Country
20012,Alternative
87531,Jazz
52242,Anime
45150,Country
34334,Electronic
51250,Alternative
51276,Alternative
70498,Country
88987,Alternative
66713,Blues
69517,Electronic
84021,Jazz
49799,Hip-Hop
22006,Classical
87612,Rap
63177,Blues
26673,Rock
31830,Electronic
61556,Blues
42500,Electronic
59584,Electronic
22334,Alternative
47182,Rap
85252,Rap
32028,Classical
69980,Electronic
39937,Rap
74062,Blues
70923,Alternative
73539,Blues
67129,Anime
60571,Rap
46242,Electronic
91648,Rock
28401,Anime
62330,Blues
60498,Rap
85106,Country
25234,Country
68305,Alternative
90043,Country
86790,Rap
90184,Rap
80511,Alternative
79134,Alternative
41645,Anime
58428,Rap
63966,Jazz
86312,Blues
91144,Hip-Hop
60788,Alternative
88837,Blues
28081,Blues
77370,Electronic
68731,Anime
25926,Electronic
42355,Electronic
56055,Blues
73476,Anime
20833,Country
89357,Alternative
89341,Rap
70183,Rap
36052,Country
61683,Blues
78218,Blues
77796,Rap
83620,Anime
34352,Hip-Hop
23649,Country
28960,Alternative
50688,Anime
39564,Country
78713,Electronic
52610,Anime
75891,Electronic
85932,Rock
23968,Country
59522,Anime
70467,Jazz
85663,Anime
88921,Classical
36991,Alternative
78594,Blues
31794,Country
48500,Hip-Hop
61995,Country
83252,Rap
88471,Alternative
53035,Rap
24075,Country
59115,Blues
39593,Anime
69884,Rap
57179,Rap
24444,Alternative
44582,Country
31641,Anime
20089,Blues
73942,Jazz
48014,Anime
78231,Rap
27833,Classical
52213,Blues
77273,Blues
27315,Electronic
87220,Alternative
45858,Jazz
36062,Blues
90700,Alternative
42993,Blues
70517,Rock
51375,Rap
49585,Blues
25399,Rap
86456,Country
60340,Blues
23077,Alternative
91043,Alternative
26761,Classical
35454,Jazz
45214,Electronic
44686,Country
21559,Blues
88556,Classical
31223,Rap
82000,Country
45271,Hip-Hop
37980,Anime
42445,Country
39078,Anime
77133,Alternative
55873,Rap
37061,Rock
69588,Blues
51445,Alternative
84941,Blues
76352,Hip-Hop
65009,Rap
84111,Rap
32725,Country
27138,Country
59133,Rock
60238,Rap
27294,Blues
36686,Classical
27011,Electronic
77838,Rock
82126,Blues
82655,Blues
50749,Alternative
70428,Rap
34710,Blues
76120,Blues
68679,Electronic
51605,Electronic
46410,Electronic
43547,Anime
80709,Blues
69711,Anime
43177,Rap
55488,Blues
71185,Alternative
44391,Country
48201,Country
55364,Rap
83340,Electronic
32746,Rap
27811,Rock
43746,Blues
53594,Rap
57945,Rap
45598,Electronic
24678,Electronic
75863,Rap
90662,Electronic
20293,Jazz
58664,Alternative
91562,Electronic
35993,Rap
52846,Jazz
67585,Classical
53600,Electronic
84770,Anime
65387,Anime
54970,Alternative
75651,Electronic
52541,Classical
70020,Alternative
71932,Rap
68393,Country
42738,Hip-Hop
63970,Hip-Hop
84582,Electronic
53269,Blues
40371,Country
26213,Anime
51394,Blues
39889,Blues
58811,Blues
56696,Rap
67817,Alternative
44562,Electronic
61463,Alternative
62339,Country
66487,Electronic
64087,Blues
22515,Anime
61909,Rap
90415,Jazz
60814,Rap
22877,Classical
26870,Rap
48662,Hip-Hop
60357,Classical
63050,Rap
61232,Electronic
51782,Electronic
63890,Rap
36296,Blues
67990,Blues
68906,Hip-Hop
69455,Blues
67875,Electronic
71487,Country
33186,Electronic
54323,Electronic
42456,Rap
69741,Alternative
41914,Blues
35208,Blues
69878,Alternative
65984,Blues
80482,Classical
21353,Anime
83945,Hip-Hop
36879,Rock
63741,Rap
74739,Alternative
30089,Anime
21957,Blues
34489,Classical
79898,Blues
79232,Jazz
66939,Electronic
66425,Blues
90367,Rap
72693,Classical
23392,Country
32818,Rap
62881,Rap
58433,Rock
51099,Country
31412,Country
68549,Rap
68580,Blues
56471,Rap
66734,Rap
49265,Electronic
22571,Country
75548,Rap
53582,Rock
67535,Electronic
43440,Alternative
63993,Classical
70005,Rap
32953,Alternative
40379,Blues
28507,Rap
29736,Electronic
45621,Country
84202,Alternative
69826,Electronic
90566,Anime
79392,Anime
77764,Blues
52823,Classical
89185,Electronic
26602,Blues
34441,Blues
59375,Blues
56834,Electronic
21941,Blues
38478,Electronic
30684,Country
56890,Classical
28622,Anime
59231,Rock
68965,Blues
86519,Rock
82322,Alternative
37539,Classical
21337,Rap
64384,Classical
44600,Blues
78544,Alternative
90563,Rap
74481,Rap
54518,Blues
81496,Jazz
43788,Alternative
82140,Blues
50866,Country
87697,Jazz
81322,Blues
71606,Blues
74187,Rap
46749,Blues
61172,Country
67379,Jazz
43708,Rap
31697,Classical
48753,Blues
86247,Rap
39321,Anime
81303,Blues
31700,Blues
39283,Blues
86223,Rock
36986,Blues
69730,Alternative
31511,Blues
21320,Electronic
24362,Rap
81325,Country
54702,Blues
25164,Anime
29295,Blues
28821,Blues
23465,Alternative
28266,Blues
63607,Alternative
43957,Rock
45417,Rock
24786,Country
29231,Alternative
28399,Hip-Hop
51688,Alternative
63677,Country
60857,Rap
46581,Alternative
90000,Rap
90721,Classical
42199,Blues
47069,Rap
37286,Anime
48423,Alternative
69748,Classical
64209,Blues
78921,Country
53020,Rap
20954,Electronic
51820,Classical
64456,Blues
73654,Electronic
37470,Rap
36747,Blues
59316,Alternative
57868,Country
26108,Anime
90610,Alternative
37401,Blues
42836,Anime
60187,Blues
76962,Alternative
21987,Country
25590,Jazz
54053,Anime
91202,Alternative
21776,Country
52271,Country
80021,Electronic
39210,Country
49684,Rap
72272,Blues
46932,Classical
63821,Rap
67295,Hip-Hop
38117,Country
65658,Jazz
77890,Blues
46643,Anime
50459,Jazz
27444,Anime
30281,Jazz
68231,Country
41288,Alternative
41813,Rap
27726,Electronic
75946,Rap
37037,Rap
54477,Rap
50421,Jazz
59966,Rap
60539,Country
39569,Rap
74179,Blues
64859,Country
37359,Rap
83532,Country
67472,Rap
20971,Hip-Hop
35602,Rap
35064,Electronic
67376,Anime
28369,Electronic
91357,Alternative
89310,Classical
42726,Anime
44658,Classical
62922,Country
90371,Alternative
67102,Electronic
69093,Rap
81680,Country
59531,Electronic
89899,Electronic
71280,Blues
62992,Rap
91365,Alternative
72376,Classical
72735,Alternative
44626,Rap
65158,Electronic
54058,Alternative
52768,Rap
75154,Electronic
43079,Blues
54014,Rap
33317,Rock
90612,Rap
39582,Rock
80146,Electronic
47524,Alternative
47873,Blues
89300,Rap
89750,Alternative
52408,Rap
46562,Rap
68530,Blues
72018,Electronic
76114,Country
43717,Blues
77758,Blues
87126,Jazz
45711,Alternative
21913,Rap
60284,Rap
58456,Blues
76953,Blues
88097,Rock
39038,Country
75244,Rap
84231,Electronic
28462,Country
49911,Rock
75113,Rap
56495,Country
47770,Rap
85033,Blues
76250,Anime
70831,Blues
65544,Blues
61329,Jazz
43484,Rap
39269,Blues
33631,Rap
48703,Country
37802,Blues
38253,Blues
37849,Alternative
65720,Alternative
48828,Country
62073,Blues
34598,Rock
34309,Jazz
39308,Rap
70837,Electronic
34894,Classical
87581,Rap
80606,Blues
37122,Alternative
24022,Alternative
89837,Electronic
54084,Alternative
45147,Rap
20360,Country
53780,Blues
60150,Anime
37065,Classical
20465,Country
60222,Country
24232,Jazz
69493,Rap
50507,Rock
21340,Blues
57482,Country
77737,Blues
22582,Rap
32651,Rock
36782,Jazz
44475,Electronic
39313,Country
75119,Rap
45293,Anime
63054,Country
26344,Blues
35823,Alternative
59101,Alternative
26985,Alternative
44996,Classical
74360,Classical
49080,Blues
62952,Rap
35107,Jazz
89338,Classical
76637,Electronic
59367,Electronic
22683,Rock
63772,Blues
77616,Country
85197,Country
81252,Rap
46633,Country
91354,Blues
34952,Electronic
51615,Blues
25525,Rap
47649,Blues
56748,Blues
83690,Electronic
31060,Country
81822,Rap
65735,Electronic
52692,Rap
20884,Rap
90068,Rap
47129,Jazz
34669,Alternative
21548,Electronic
71953,Classical
44816,Alternative
23924,Classical
89358,Alternative
43198,Blues
39563,Classical
49136,Anime
35228,Country
51376,Rap
35377,Classical
30876,Rock
83732,Alternative
43852,Jazz
44195,Blues
73276,Classical
25204,Electronic
56229,Country
59023,Hip-Hop
38786,Country
76358,Alternative
47725,Country
24256,Alternative
50014,Electronic
46563,Blues
85858,Electronic
74524,Alternative
74767,Alternative
31011,Electronic
34767,Hip-Hop
42385,Alternative
52222,Rap
25067,Country
31184,Anime
46433,Classical
49888,Electronic
72951,Rap
39957,Electronic
34259,Electronic
76364,Blues
80861,Rock
37808,Rap
77717,Classical
47064,Rock
90586,Rap
73045,Rock
63709,Alternative
57809,Electronic
64673,Country
23211,Electronic
46582,Alternative
29112,Hip-Hop
71956,Blues
33176,Country
27864,Anime
86681,Anime
43449,Rock
34772,Jazz
51757,Rap
30910,Rap
66814,Rap
21720,Rap
39542,Classical
83059,Blues
80772,Anime
21700,Jazz
52270,Blues
56997,Country
62782,Country
79629,Blues
78345,Hip-Hop
49627,Blues
20383,Classical
44918,Rap
31519,Alternative
50227,Country
65171,Country
57200,Blues
23736,Electronic
58542,Electronic
57997,Jazz
72280,Blues
79493,Blues
55552,Jazz
83810,Rap
70337,Rap
40368,Electronic
71438,Alternative
42328,Anime
59613,Rock
55561,Country
89733,Rap
71254,Electronic
65228,Alternative
70675,Classical
72633,Electronic
54228,Blues
27418,Country
73139,Electronic
71475,Electronic
68288,Jazz
40354,Classical
43671,Anime
87226,Classical
40617,Electronic
30969,Blues
58891,Blues
57246,Rap
84355,Electronic
78490,Rap
46866,Electronic
64700,Country
48630,Anime
28028,Anime
81849,Rap
55223,Alternative
23950,Blues
91310,Hip-Hop
64499,Electronic
68413,Electronic
28528,Anime
31008,Rock
85674,Country
40630,Blues
25401,Blues
49666,Blues
49291,Rock
66277,Rap
89779,Blues
20040,Anime
76744,Hip-Hop
80590,Blues
68027,Country
30573,Jazz
30014,Blues
46225,Rock
57168,Electronic
28191,Country
39845,Blues
31747,Electronic
79879,Jazz
48775,Blues
34267,Country
37650,Rap
75227,Anime
43188,Rap
76010,Rock
25670,Blues
39137,Blues
78156,Country
45953,Electronic
29543,Blues
74482,Alternative
22392,Rap
25804,Alternative
47464,Country
29089,Alternative
88310,Rap
61446,Electronic
73368,Rock
86252,Blues
83700,Electronic
65036,Blues
71722,Rap
47861,Classical
64156,Blues
67741,Blues
22149,Rap
82374,Rock
38127,Anime
78873,Jazz
74151,Blues
69342,Rap
85438,Electronic
84246,Anime
21037,Rock
88397,Country
21876,Rap
86766,Rock
63480,Jazz
58807,Rock
70541,Classical
42673,Blues
44685,Anime
88581,Rap
65088,Alternative
20267,Electronic
62067,Electronic
68121,Classical
34387,Jazz
46272,Electronic
72149,Blues
55904,Electronic
86710,Alternative
69485,Rap
56993,Classical
36283,Country
52357,Rap
37101,Rock
38706,Jazz
39180,Rap
70250,Rock
77272,Blues
84457,Electronic
84793,Anime
64494,Electronic
36468,Rap
33055,Blues
85625,Anime
75033,Country
30549,Alternative
23092,Country
33885,Country
22929,Electronic
65842,Rock
62094,Country
79213,Classical
87496,Rock
66881,Electronic
43655,Blues
75219,Blues
86007,Anime
89204,Alternative
24317,Jazz
91162,Alternative
77488,Electronic
49016,Classical
46628,Country
66629,Classical
22974,Rap
37543,Alternative
22097,Blues
24123,Country
23432,Blues
55218,Rap
43637,Jazz
73369,Alternative
72828,Alternative
39764,Jazz
86143,Blues
52911,Electronic
36349,Alternative
28590,Rock
36546,Electronic
38080,Alternative
61479,Electronic
70667,Jazz
84826,Alternative
50808,Alternative
51720,Country
24392,Country
68320,Country
72497,Anime
22150,Rap
21526,Country
70374,Rap
28370,Electronic
90085,Classical
47124,Rap
72471,Anime
30785,Electronic
23582,Blues
22719,Blues
86992,Electronic
35754,Jazz
77308,Country
35575,Anime
76768,Jazz
20395,Alternative
31082,Rap
90556,Blues
31444,Rock
74543,Anime
62264,Country
41893,Electronic
51643,Anime
54509,Blues
39678,Rap
40266,Alternative
82326,Alternative
58307,Blues
43837,Classical
47659,Classical
50893,Anime
62337,Alternative
43364,Country
36837,Blues
77343,Rap
90511,Electronic
83958,Blues
86083,Alternative
26747,Electronic
22853,Blues
65781,Rap
64393,Country
89582,Country
47294,Classical
90464,Rap
32779,Alternative
41788,Electronic
67522,Rap
57562,Alternative
24961,Electronic
45194,Rap
44317,Rock
30018,Alternative
29423,Anime
61643,Country
84829,Country
80355,Electronic
81489,Blues
39973,Electronic
78194,Alternative
23701,Jazz
28226,Electronic
89928,Alternative
26335,Blues
91284,Rap
50221,Country
43923,Rock
38209,Jazz
70169,Alternative
22285,Alternative
76724,Electronic
20453,Electronic
53082,Electronic
66558,Electronic
68943,Rock
82199,Electronic
26018,Country
56562,Rap
74072,Alternative
43073,Classical
76614,Blues
54093,Rap
67728,Blues
89412,Anime
44634,Jazz
64907,Blues
88673,Rap
57745,Electronic
89952,Classical
55750,Rock
43009,Country
71077,Anime
27329,Country
60563,Jazz
73772,Classical
62166,Electronic
88208,Blues
48011,Hip-Hop
52100,Rap
74691,Classical
27404,Country
62652,Classical
81116,Blues
70107,Blues
59649,Classical
73443,Anime
30259,Rap
25207,Country
62411,Jazz
88202,Country
69348,Rap
62065,Classical
75125,Rap
69209,Blues
87068,Rock
49352,Alternative
49380,Country
77988,Rock
44070,Electronic
58610,Electronic
50345,Electronic
49042,Blues
68063,Hip-Hop
57796,Classical
28948,Rap
33931,Electronic
74457,Rap
26473,Hip-Hop
69015,Rap
36460,Alternative
24513,Alternative
30015,Anime
21727,Alternative
85914,Blues
30641,Rap
69335,Rap
84974,Jazz
48529,Alternative
85844,Rap
66013,Alternative
59308,Rap
91524,Classical
37281,Alternative
57662,Anime
54159,Rap
23704,Country
26195,Rock
71485,Rap
56476,Blues
34562,Blues
28650,Country
57613,Blues
60633,Anime
34057,Alternative
74808,Blues
23124,Rap
34664,Blues
84763,Electronic
40235,Blues
37246,Blues
80625,Electronic
52760,Alternative
24743,Blues
86739,Alternative
50128,Alternative
40472,Electronic
45924,Alternative
83208,Blues
55706,Hip-Hop
36072,Anime
79899,Alternative
22577,Rap
72859,Blues
59165,Country
62177,Hip-Hop
74803,Jazz
72387,Rock
87886,Blues
23288,Blues
74536,Rap
39219,Rap
22139,Rap
81903,Electronic
91317,Electronic
32570,Alternative
33096,Rap
28818,Country
46843,Electronic
91629,Alternative
49617,Rap
74346,Alternative
49892,Blues
80285,Classical
83680,Alternative
51304,Alternative
69621,Blues
61023,Country
83261,Rap
20786,Anime
83785,Blues
50081,Blues
86043,Alternative
24243,Blues
34953,Alternative
28904,Alternative
56573,Blues
52216,Alternative
75670,Blues
67175,Electronic
56904,Anime
32981,Blues
28147,Anime
31827,Jazz
44057,Alternative
30401,Electronic
74393,Blues
91203,Anime
51571,Rap
36849,Rock
29844,Blues
37652,Rock
51111,Electronic
46197,Electronic
36371,Jazz
80292,Electronic
30873,Rap
63437,Country
66412,Alternative
26766,Electronic
66857,Classical
29282,Anime
81589,Rock
30853,Anime
39426,Blues
61571,Rap
52956,Rap
66869,Rap
87838,Country
45300,Jazz
45008,Classical
35950,Electronic
23308,Country
83462,Anime
61955,Blues
50539,Rap
46380,Alternative
54209,Electronic
83319,Rap
62163,Country
42541,Electronic
51489,Electronic
73303,Rock
38354,Alternative
74723,Electronic
55699,Alternative
45864,Country
66012,Classical
65848,Blues
36464,Electronic
50348,Rap
82744,Alternative
53295,Rap
30256,Rock
43938,Anime
42228,Country
51695,Blues
51237,Rap
80890,Hip-Hop
46705,Rock
26666,Alternative
56568,Electronic
50577,Alternative
76781,Electronic
44571,Electronic
45526,Jazz
90033,Alternative
87413,Rap
27557,Anime
65209,Alternative
62315,Blues
78016,Rap
84340,Rock
41323,Rap
54358,Rap
71288,Alternative
20117,Electronic
46169,Country
83214,Anime
59581,Rap
38591,Alternative
35987,Alternative
41593,Anime
80309,Anime
55791,Electronic
24376,Electronic
76148,Alternative
41762,Blues
53145,Rap
59523,Alternative
70900,Rock
58592,Anime
38434,Blues
39635,Rap
67033,Electronic
20375,Alternative
43615,Electronic
62341,Blues
57724,Rap
80635,Rap
46026,Country
41748,Country
90890,Alternative
66413,Country
84928,Jazz
46145,Rap
21156,Country
20581,Alternative
84199,Electronic
29208,Country
79520,Alternative
62441,Electronic
42265,Rap
70806,Anime
77848,Blues
75648,Electronic
49026,Classical
35246,Alternative
51470,Rap
51681,Blues
44017,Jazz
36688,Rap
76340,Blues
60399,Electronic
73616,Hip-Hop
30693,Jazz
90155,Country
26535,Blues
71278,Country
68131,Blues
20358,Rock
53425,Electronic
81292,Alternative
64374,Country
48669,Country
53875,Anime
31975,Country
76423,Blues
70598,Rap
47003,Rap
73661,Jazz
78936,Rap
89023,Jazz
73275,Blues
90867,Alternative
49520,Blues
47085,Alternative
68814,Blues
70478,Anime
21796,Rock
70936,Classical
44197,Rap
65639,Electronic
41293,Anime
83422,Country
81407,Classical
77036,Electronic
43946,Anime
39797,Jazz
32828,Alternative
69698,Alternative
44642,Rap
67341,Alternative
37722,Rap
29313,Alternative
78640,Classical
23925,Rap
56770,Rap
35847,Country
82661,Blues
24484,Jazz
60768,Rap
23945,Alternative
82092,Rap
72987,Rap
58452,Blues
43732,Anime
71896,Electronic
59488,Alternative
23641,Alternative
29557,Electronic
73387,Alternative
43983,Country
37494,Classical
32415,Electronic
76374,Classical
30635,Hip-Hop
84984,Blues
67927,Blues
65771,Rock
57781,Alternative
55735,Classical
37485,Electronic
33891,Jazz
42131,Anime
63313,Jazz
41638,Alternative
24494,Classical
22110,Alternative
83048,Rap
57804,Alternative
25430,Hip-Hop
72183,Blues
85161,Alternative
88713,Country
70599,Blues
54413,Country
88277,Country
58344,Alternative
57368,Rap
55674,Alternative
22501,Country
66647,Alternative
79380,Rock
86361,Anime
59091,Anime
54445,Electronic
47781,Classical
36456,Jazz
58560,Country
63962,Classical
55241,Alternative
55908,Country
51492,Rap
71051,Electronic
84781,Blues
61565,Blues
27079,Rap
75937,Classical
91061,Blues
85725,Rap
27902,Electronic
62328,Country
28290,Blues
64195,Electronic
58096,Electronic
50036,Alternative
88173,Rap
30100,Rap
25660,Hip-Hop
30728,Alternative
85219,Electronic
47996,Classical
76138,Blues
80692,Anime
46064,Blues
37360,Hip-Hop
72084,Classical
23063,Blues
26362,Electronic
72238,Anime
30498,Rap
89345,Alternative
64559,Rap
82289,Country
33021,Rap
48331,Alternative
22569,Rock
38918,Blues
91586,Rap
45022,Jazz
45170,Rap
35094,Jazz
60622,Blues
45122,Blues
27477,Rap
40609,Blues
34573,Blues
21542,Alternative
39497,Country
44238,Country
26788,Alternative
82086,Country
21596,Rock
82014,Classical
66562,Blues
44534,Electronic
85331,Classical
54162,Blues
39258,Electronic
72349,Blues
84880,Blues
82675,Classical
53177,Jazz
84961,Country
29191,Rap
70669,Rap
68175,Anime
83196,Blues
25611,Blues
67598,Electronic
88181,Rock
66032,Anime
59802,Rap
49425,Alternative
37614,Electronic
45731,Anime
55390,Rap
21310,Rock
53598,Electronic
52415,Country
65924,Country
66293,Blues
64910,Country
23263,Classical
85687,Country
42151,Country
81969,Rock
25287,Electronic
72242,Alternative
41700,Rap
78730,Rap
91221,Blues
88869,Alternative
73183,Jazz
36676,Alternative
31302,Country
39835,Alternative
35639,Country
77495,Blues
79779,Blues
89140,Alternative
60406,Country
21464,Jazz
48138,Country
48435,Rap
32710,Jazz
29714,Blues
66651,Rap
49014,Rap
70591,Anime
73819,Jazz
90526,Country
51256,Blues
28734,Classical
24727,Classical
55037,Blues
57988,Rock
25422,Electronic
65742,Jazz
64978,Alternative
43250,Electronic
41887,Blues
29494,Rap
78887,Blues
57611,Blues
20886,Jazz
38232,Classical
33088,Blues
30459,Alternative
41509,Rock
43494,Rap
45177,Electronic
48013,Anime
79669,Country
25755,Electronic
21472,Rap
28890,Blues
74447,Electronic
25323,Anime
89616,Country
37299,Alternative
53494,Rap
32827,Jazz
69683,Anime
23872,Classical
63974,Alternative
37695,Classical
85700,Classical
50392,Country
74375,Rap
63939,Rock
76767,Alternative
45290,Rap
82757,Rap
65739,Alternative
51604,Anime
87088,Rock
47913,Anime
57467,Blues
66622,Alternative
39713,Rock
37813,Electronic
53952,Rap
79253,Anime
49583,Rap
52282,Rap
36158,Country
68681,Hip-Hop
26332,Anime
20830,Country
64079,Rock
54124,Rap
53888,Jazz
87157,Electronic
81472,Alternative
20843,Rap
27253,Electronic
25553,Rock
80849,Electronic
86283,Electronic
86278,Alternative
48804,Electronic
56436,Electronic
43471,Rap
65177,Blues
38938,Country
78310,Rap
49104,Jazz
69999,Rock
74065,Rock
49880,Anime
87162,Electronic
25961,Jazz
49218,Hip-Hop
59664,Rap
30416,Alternative
41979,Alternative
41751,Country
53820,Rap
59182,Rap
30953,Alternative
79506,Rap
79511,Alternative
74900,Alternative
69817,Jazz
81691,Electronic
55421,Blues
70401,Blues
76315,Country
52807,Electronic
42690,Rap
33657,Rap
82047,Rap
21497,Rock
21331,Rap
86624,Blues
27929,Rock
46890,Anime
68000,Classical
77177,Alternative
53301,Rap
67215,Rap
24448,Blues
46284,Rap
61653,Blues
85626,Blues
49890,Blues
47558,Anime
23188,Rap
74188,Rap
58314,Anime
67904,Country
32300,Blues
43353,Rap
84798,Blues
32948,Classical
39487,Country
45697,Jazz
77230,Classical
70699,Blues
76142,Rap
85868,Electronic
66184,Blues
41189,Rap
88634,Electronic
63137,Blues
46020,Alternative
23366,Blues
52590,Classical
78053,Blues
58885,Blues
26501,Electronic
45476,Rap
21228,Alternative
43110,Blues
58168,Rap
87247,Rock
81042,Electronic
91451,Rap
90769,Rap
67092,Anime
22707,Anime
60027,Rap
59372,Rap
79614,Rap
42232,Blues
78566,Alternative
74323,Rap
35250,Rap
26487,Rap
77439,Classical
57556,Rock
74918,Jazz
64763,Country
20207,Country
67874,Alternative
32150,Electronic
74865,Anime
87609,Electronic
75522,Blues
32168,Blues
29840,Anime
86888,Rap
91604,Rock
56690,Blues
45586,Electronic
67339,Classical
72145,Blues
62311,Blues
67041,Anime
51227,Electronic
68065,Blues
87058,Blues
33411,Rap
33551,Rap
77419,Rap
79402,Rap
74033,Jazz
89481,Country
31686,Alternative
23381,Electronic
28307,Rock
83362,Country
26896,Classical
76758,Rock
21770,Blues
86294,Rap
79063,Rap
37272,Country
47235,Classical
23517,Country
51149,Hip-Hop
41458,Rap
30552,Anime
91116,Rap
38405,Rap
33893,Electronic
72566,Blues
25542,Country
41098,Electronic
44394,Rap
70197,Country
56304,Rock
86506,Blues
38665,Hip-Hop
35445,Country
37843,Rap
36739,Blues
37085,Classical
32762,Country
46570,Rock
24334,Rock
27609,Country
24748,Blues
44270,Alternative
71516,Electronic
61853,Alternative
37976,Blues
64340,Classical
83980,Alternative
21351,Blues
74994,Blues
45754,Rap
25793,Alternative
36911,Country
36950,Classical
62781,Rap
85873,Alternative
50557,Rap
66597,Alternative
75632,Alternative
48653,Hip-Hop
23020,Anime
25153,Electronic
67335,Classical
53216,Classical
29536,Blues
85300,Country
43981,Jazz
20762,Rock
48238,Blues
88889,Rap
36639,Rap
81059,Alternative
21208,Alternative
70362,Country
45062,Electronic
62347,Blues
28424,Jazz
60307,Rap
44660,Rock
84173,Blues
58214,Electronic
32853,Anime
65063,Blues
39861,Country
41054,Blues
28826,Electronic
20700,Rock
30870,Electronic
82378,Rap
39245,Rap
63985,Rock
39490,Rock
34909,Blues
67678,Alternative
72731,Electronic
50954,Anime
78108,Rap
27297,Country
56808,Country
33865,Electronic
28331,Rap
88948,Electronic
29152,Blues
45256,Electronic
65950,Alternative
86650,Blues
59817,Rap
53167,Alternative
70702,Alternative
42880,Electronic
72998,Blues
83458,Blues
60926,Anime
21534,Rap
65268,Anime
31123,Country
70809,Blues
79491,Rap
20050,Rap
58250,Blues
50044,Country
44445,Anime
46105,Jazz
61118,Anime
25902,Rap
91559,Blues
90719,Rap
89429,Alternative
59615,Country
50006,Blues
47651,Country
32453,Blues
54844,Country
36734,Electronic
83307,Country
64429,Country
60702,Classical
39647,Electronic
64904,Blues
28648,Country
75806,Rap
26278,Anime
57549,Country
65748,Blues
73287,Anime
30513,Classical
56319,Anime
48586,Alternative
35897,Blues
69808,Anime
75701,Electronic
64931,Electronic
28749,Country
68085,Electronic
89365,Jazz
47092,Country
72589,Jazz
90877,Anime
62628,Jazz
33549,Blues
50672,Classical
80383,Jazz
91327,Electronic
39451,Blues
76360,Blues
59693,Electronic
65790,Classical
88908,Classical
55460,Alternative
39533,Alternative
56296,Blues
32597,Country
54946,Country
60349,Rock
50325,Rap
26165,Jazz
75418,Country
91254,Country
66757,Classical
83366,Alternative
36271,Rap
80009,Alternative
70441,Jazz
85226,Rap
37838,Classical
74749,Blues
46286,Country
26352,Blues
22369,Alternative
46769,Electronic
73482,Rap
24409,Rap
87623,Jazz
31054,Blues
89801,Anime
41337,Alternative
66708,Rap
60854,Blues
71518,Country
30231,Rap
89498,Alternative
30153,Blues
20504,Anime
44258,Classical
36508,Country
29016,Electronic
80038,Electronic
63643,Country
52593,Classical
83218,Blues
71618,Rap
69449,Classical
28736,Rap
27425,Alternative
36324,Blues
74771,Rap
87897,Country
73861,Anime
25424,Electronic
54242,Rock
33620,Classical
48443,Anime
88529,Rock
38694,Country
77116,Alternative
85371,Blues
57871,Blues
71531,Electronic
54707,Country
32146,Alternative
49699,Electronic
28707,Rap
90326,Country
32424,Country
53209,Anime
61022,Anime
71281,Classical
87600,Rap
43100,Electronic
21584,Electronic
58841,Rap
61322,Rap
66682,Rock
22639,Country
50109,Country
79872,Rap
58299,Country
39094,Electronic
34466,Anime
38869,Rock
36908,Rock
91518,Rap
62115,Blues
29384,Rap
59611,Alternative
61491,Blues
23147,Alternative
30948,Rap
43511,Rap
21175,Electronic
35495,Country
48154,Alternative
69597,Jazz
21375,Alternative
47135,Rap
42333,Alternative
50563,Alternative
39727,Blues
34989,Country
65760,Jazz
63024,Jazz
48836,Blues
49258,Alternative
68066,Country
41451,Anime
71745,Blues
71414,Country
31688,Blues
36874,Electronic
91646,Alternative
89729,Electronic
71492,Electronic
77126,Anime
38280,Blues
35873,Alternative
79127,Electronic
90018,Rap
59819,Rap
46900,Country
89869,Blues
61860,Rock
77794,Jazz
69743,Classical
68991,Rock
55896,Alternative
85715,Blues
69012,Country
48404,Rap
50194,Blues
55689,Jazz
75017,Electronic
66949,Blues
69596,Alternative
44215,Rap
87064,Blues
32990,Electronic
61896,Country
32534,Alternative
21287,Electronic
57785,Country
69474,Blues
32686,Alternative
21392,Rap
87431,Rap
56876,Alternative
80862,Alternative
35660,Anime
46173,Jazz
25275,Blues
41818,Jazz
82240,Jazz
29770,Rap
30593,Alternative
62184,Blues
61474,Electronic
57731,Classical
44511,Rock
84714,Classical
74322,Rap
87299,Classical
47272,Blues
80961,Blues
41095,Alternative
83138,Hip-Hop
80195,Alternative
32520,Jazz
36565,Classical
81069,Classical
38263,Blues
60573,Classical
73251,Electronic
73223,Rap
49690,Rap
58347,Classical
64887,Jazz
64824,Blues
28635,Electronic
32129,Blues
70529,Electronic
33939,Country
22659,Rap
51398,Alternative
52703,Classical
40584,Blues
23830,Rap
73019,Blues
41083,Alternative
31767,Blues
55905,Alternative
88574,Blues
66514,Blues
41032,Electronic
82239,Country
56038,Country
29218,Electronic
91686,Classical
25177,Blues
48155,Blues
88804,Rap
73211,Alternative
40805,Anime
86809,Blues
21214,Blues
65618,Rap
62265,Rock
39214,Blues
51039,Electronic
41292,Country
60998,Electronic
22713,Blues
45200,Blues
52666,Rap
42623,Jazz
42649,Classical
51723,Alternative
39946,Country
58554,Rap
20385,Jazz
89106,Blues
82693,Country
62243,Electronic
65683,Rap
84762,Electronic
46640,Anime
43866,Electronic
82536,Classical
39699,Alternative
82923,Blues
26668,Alternative
29203,Alternative
68854,Country
30818,Rap
60003,Electronic
88193,Rock
58980,Electronic
52044,Country
90483,Alternative
24201,Rap
75702,Rap
88844,Alternative
32560,Country
27241,Rap
28480,Electronic
70631,Blues
80471,Blues
35781,Classical
28251,Rock
62855,Blues
50596,Anime
83949,Blues
25747,Country
54341,Country
57899,Electronic
83119,Anime
88078,Electronic
65929,Rap
29425,Rap
32691,Rap
58804,Jazz
68885,Blues
36173,Rap
34995,Rock
55179,Country
22818,Anime
40554,Country
79281,Alternative
58255,Rap
75178,Alternative
70626,Rap
22408,Blues
73849,Blues
40768,Country
38122,Country
52829,Blues
53234,Alternative
24685,Rock
32082,Country
44313,Electronic
73314,Classical
51280,Electronic
80357,Anime
58645,Alternative
80522,Blues
84573,Hip-Hop
58853,Anime
56049,Jazz
34458,Blues
28618,Country
34633,Alternative
37348,Country
83489,Electronic
86886,Rap
25557,Country
31045,Classical
63983,Country
76288,Electronic
62531,Classical
49461,Hip-Hop
39890,Rap
68960,Rap
75277,Blues
89518,Country
60733,Electronic
50910,Rock
49831,Rock
70909,Electronic
56485,Blues
78985,Rap
52442,Rap
27760,Classical
74318,Electronic
49962,Blues
51226,Rap
65290,Anime
77437,Country
61240,Electronic
55194,Alternative
33890,Rap
42581,Alternative
74264,Rock
72032,Blues
59407,Blues
67658,Rock
33446,Blues
45225,Country
89135,Jazz
42364,Country
81128,Alternative
30120,Hip-Hop
21045,Classical
31284,Rock
84446,Anime
56921,Alternative
91621,Rap
49328,Electronic
36706,Blues
53581,Alternative
80310,Electronic
89906,Anime
29103,Rap
28949,Blues
67714,Classical
42644,Country
63433,Blues
29922,Rap
39228,Rap
71972,Anime
32972,Electronic
23022,Country
55576,Country
85423,Blues
32013,Anime
35045,Anime
78620,Electronic
60033,Anime
75144,Anime
27688,Classical
42540,Blues
21297,Alternative
79951,Jazz
68050,Blues
76572,Blues
27090,Electronic
89688,Alternative
27128,Rock
72202,Alternative
40806,Blues
49697,Rap
70344,Classical
60864,Blues
51768,Anime
45003,Alternative
71778,Alternative
76817,Country
40828,Country
44993,Alternative
44122,Blues
74612,Anime
41430,Electronic
62162,Blues
45578,Blues
57259,Electronic
71987,Classical
25035,Anime
63280,Blues
53988,Anime
58493,Country
41325,Jazz
39872,Alternative
51150,Blues
41960,Rock
37572,Classical
59880,Blues
42955,Alternative
63226,Classical
43752,Anime
84912,Electronic
34584,Blues
34280,Rap
20650,Rap
41476,Anime
67393,Classical
35415,Alternative
51305,Alternative
82306,Rap
26513,Blues
58716,Country
66276,Hip-Hop
60245,Electronic
59328,Anime
22863,Rap
57943,Alternative
29311,Anime
59043,Rap
61733,Electronic
78165,Electronic
88027,Electronic
40034,Country
83158,Country
45652,Jazz
69537,Classical
21524,Jazz
43765,Rap
74041,Alternative
31514,Rap
88188,Jazz
75416,Anime
62003,Electronic
62409,Alternative
20730,Hip-Hop
63126,Rap
24266,Rock
80172,Rap
32548,Classical
35785,Rap
56518,Alternative
61035,Blues
25859,Alternative
75624,Anime
37188,Rap
22453,Rap
49074,Electronic
67113,Country
40330,Rock
41839,Blues
27832,Country
25689,Rap
60400,Jazz
28902,Blues
74814,Blues
49120,Blues
90502,Electronic
67997,Country
81866,Country
81427,Alternative
78819,Blues
20477,Country
81447,Electronic
68166,Rap
42270,Rap
90570,Jazz
90542,Classical
59764,Anime
63416,Jazz
32844,Alternative
66410,Rap
38754,Rock
57397,Alternative
24895,Blues
85111,Alternative
76544,Rap
59796,Alternative
57906,Rap
52234,Anime
41978,Jazz
33984,Alternative
35863,Alternative
49940,Alternative
58146,Rap
86592,Rock
87010,Alternative
50082,Blues
31016,Blues
51211,Alternative
43404,Rap
53777,Rap
27075,Alternative
36087,Electronic
46731,Anime
80170,Alternative
34274,Rap
21972,Anime
34193,Alternative
89697,Rock
33516,Blues
71984,Electronic
31581,Jazz
86868,Blues
78440,Blues
72967,Blues
45706,Alternative
25867,Classical
57329,Electronic
61077,Electronic
68687,Jazz
48012,Rock
78268,Rap
32325,Rap
66649,Electronic
36580,Blues
33094,Electronic
42759,Alternative
56920,Classical
24377,Anime
54721,Rap
32932,Electronic
33976,Anime
67296,Electronic
48292,Rap
65194,Rap
43685,Blues
71453,Blues
24357,Jazz
76509,Blues
73146,Blues
34654,Classical
88756,Alternative
55131,Rap
22331,Country
55189,Electronic
41996,Electronic
56430,Alternative
26294,Hip-Hop
52392,Country
59456,Anime
38680,Electronic
63857,Blues
40004,Electronic
29852,Alternative
31781,Blues
47716,Rap
74334,Blues
57109,Rock
21404,Country
80346,Blues
48346,Alternative
81597,Country
23446,Electronic
53351,Alternative
63730,Alternative
68865,Alternative
86740,Alternative
86360,Rock
44153,Rock
28967,Rock
67912,Rock
65044,Jazz
39209,Rock
27150,Anime
68180,Hip-Hop
84741,Anime
36164,Classical
30710,Rock
50010,Jazz
90435,Country
62928,Electronic
89102,Alternative
51335,Electronic
22396,Rock
89024,Electronic
51516,Blues
60897,Blues
56407,Jazz
65190,Jazz
53706,Alternative
63938,Anime
58256,Electronic
22997,Country
86901,Anime
43823,Rap
32832,Rock
91240,Anime
77543,Anime
79967,Country
66664,Country
76001,Rock
48363,Anime
68234,Blues
50219,Rap
27335,Electronic
79807,Hip-Hop
65214,Jazz
90138,Electronic
35523,Rap
53878,Rock
85386,Alternative
69341,Blues
47052,Alternative
41980,Classical
86530,Alternative
48403,Blues
86158,Jazz
32292,Rap
20251,Rap
82888,Classical
73344,Jazz
34938,Rap
90679,Country
84167,Rock
33482,Alternative
47724,Anime
41760,Country
91293,Alternative
87280,Rock
27568,Classical
66322,Blues
29710,Alternative
76210,Country
83465,Classical
70969,Alternative
23052,Rock
83542,Blues
54250,Electronic
65362,Jazz
68230,Jazz
65571,Jazz
57178,Alternative
65921,Blues
72369,Electronic
66530,Classical
42735,Alternative
52922,Country
84756,Country
55667,Alternative
54671,Jazz
23163,Electronic
89116,Rap
25226,Electronic
25514,Electronic
39816,Jazz
79494,Rap
88157,Alternative
27590,Rock
39769,Anime
76919,Electronic
80223,Electronic
83986,Electronic
20077,Rap
36656,Country
66168,Blues
43300,Blues
82211,Country
75999,Alternative
78508,Rap
71489,Alternative
71218,Blues
28212,Anime
48445,Rap
83983,Country
29630,Rap
72235,Blues
77711,Blues
40137,Alternative
53588,Alternative
80486,Anime
89512,Electronic
32014,Rap
49756,Country
82181,Alternative
51508,Alternative
44925,Electronic
55248,Blues
52077,Country
67270,Jazz
20211,Blues
42280,Electronic
91078,Anime
68915,Rap
91576,Country
79384,Blues
59394,Blues
32652,Alternative
66332,Blues
28738,Rap
46811,Alternative
81918,Country
39728,Blues
53188,Country
45647,Classical
77005,Rap
50235,Blues
84467,Country
34689,Rock
33413,Blues
37777,Blues
38112,Blues
39971,Country
44529,Anime
90067,Alternative
22701,Blues
64071,Classical
52358,Classical
22444,Classical
78680,Rap
21658,Rap
31806,Anime
80517,Classical
89428,Rap
46423,Rap
74810,Rap
57380,Rap
44988,Blues
72132,Blues
73412,Electronic
23543,Country
83926,Electronic
50443,Classical
63618,Classical
29575,Blues
35290,Jazz
81244,Classical
66996,Anime
66164,Alternative
43048,Jazz
37723,Alternative
34795,Rap
66836,Electronic
45997,Rap
62738,Electronic
85064,Classical
88628,Electronic
67563,Electronic
80617,Country
22112,Rap
40531,Jazz
29523,Country
39339,Hip-Hop
28721,Rap
27856,Rap
87132,Alternative
68671,Alternative
34218,Rock
25570,Country
91208,Country
91273,Jazz
37172,Electronic
51917,Electronic
52930,Rap
40928,Rap
24622,Alternative
40701,Blues
36222,Blues
40045,Blues
78140,Alternative
72446,Anime
28636,Rap
37015,Anime
36651,Anime
63124,Anime
48152,Electronic
34429,Jazz
28681,Rap
29474,Country
89944,Alternative
86129,Rap
46599,Rap
62155,Country
87335,Jazz
61171,Blues
32943,Electronic
38757,Blues
44364,Alternative
27855,Country
60574,Rap
38936,Blues
68763,Rap
45378,Alternative
81188,Rap
89054,Rap
53559,Rap
73731,Classical
89558,Electronic
48274,Jazz
25225,Rap
22518,Country
84916,Jazz
29594,Rap
23239,Blues
53554,Hip-Hop
66534,Rock
37969,Electronic
73774,Electronic
22220,Electronic
40142,Rap
56683,Electronic
48348,Country
63768,Blues
47008,Alternative
34512,Country
64560,Anime
67250,Rock
74484,Electronic
32238,Country
50549,Country
56824,Blues
25193,Rap
71447,Hip-Hop
23513,Blues
61791,Alternative
90318,Rock
33750,Blues
33576,Rock
83822,Alternative
67059,Country
54637,Anime
76587,Blues
43742,Country
81161,Anime
62118,Hip-Hop
47039,Rock
36556,Country
66661,Alternative
51908,Country
39416,Rap
35834,Blues
37904,Country
68547,Country
34706,Classical
69564,Electronic
86895,Jazz
22541,Rap
48432,Country
33590,Electronic
74609,Electronic
45206,Alternative
39398,Anime
35441,Rock
42883,Alternative
56521,Rock
20031,Rap
27922,Rock
31429,Rock
67675,Classical
34225,Anime
22397,Rap
48271,Anime
63410,Rock
89985,Blues
81154,Classical
25091,Anime
62897,Country
74112,Rap
45179,Rap
62591,Electronic
48609,Classical
26210,Jazz
86058,Blues
80191,Electronic
71912,Rap
24051,Anime
54012,Rap
79149,Alternative
40793,Blues
36791,Blues
55200,Classical
86061,Jazz
27947,Country
53861,Alternative
21601,Blues
41414,Electronic
30335,Electronic
27790,Alternative
90932,Electronic
30792,Electronic
86292,Country
43883,Country
89133,Jazz
70274,Electronic
82154,Rap
46577,Rap
49834,Rap
72241,Rap
81227,Electronic
28530,Alternative
44561,Anime
51941,Rock
59445,Anime
31828,Anime
42703,Alternative
63039,Electronic
74872,Rock
41405,Rap
72432,Alternative
61270,Country
64056,Classical
64788,Blues
82668,Electronic
46958,Rap
83646,Country
68911,Country
21084,Electronic
70327,Country
30022,Classical
54442,Rock
31599,Blues
61315,Blues
45069,Electronic
56172,Alternative
35676,Rap
32138,Rap
70269,Electronic
66648,Rock
45268,Blues
28057,Electronic
38688,Country
20690,Electronic
58196,Blues
60862,Anime
25864,Classical
54680,Classical
78483,Jazz
84319,Country
34344,Country
77857,Blues
43662,Blues
38487,Rap
54861,Blues
79123,Classical
54891,Hip-Hop
74001,Alternative
52987,Jazz
74435,Country
64730,Rap
23793,Jazz
77927,Rap
65704,Hip-Hop
51038,Rap
34414,Jazz
84149,Electronic
67845,Electronic
39820,Country
59343,Blues
30163,Rap
43191,Alternative
74930,Alternative
21591,Rock
79559,Electronic
73392,Anime
20611,Rap
63898,Electronic
67194,Classical
23828,Rock
55875,Rap
58354,Anime
32585,Alternative
87781,Blues
24531,Blues
61337,Blues
62039,Jazz
85785,Anime
28896,Anime
32301,Rap
21744,Alternative
64431,Alternative
63290,Country
62761,Alternative
21236,Jazz
80601,Blues
48059,Blues
68651,Rap
52893,Classical
63344,Rap
88348,Rap
50494,Rap
63175,Rap
83342,Jazz
65647,Alternative
62977,Country
35008,Alternative
88470,Anime
86877,Blues
43117,Blues
62569,Country
88429,Rap
37958,Rap
63799,Rock
50420,Rock
33097,Anime
20739,Blues
28900,Jazz
81423,Country
89331,Jazz
63590,Anime
42101,Anime
90798,Jazz
58739,Blues
77699,Electronic
60608,Alternative
46009,Electronic
54988,Alternative
55499,Rap
42911,Electronic
80398,Electronic
77068,Anime
62645,Jazz
59983,Rap
74349,Country
80323,Anime
82970,Electronic
20926,Rap
62437,Alternative
79764,Anime
38308,Anime
53963,Classical
50592,Anime
85311,Country
41969,Alternative
59087,Jazz
44036,Rock
54103,Country
39794,Rap
53006,Electronic
65399,Alternative
84837,Alternative
46137,Electronic
64516,Electronic
87015,Electronic
41840,Hip-Hop
38276,Classical
73210,Classical
83610,Country
33568,Blues
25865,Classical
77804,Anime
58644,Blues
47760,Rock
76515,Electronic
20598,Rock
67080,Country
21044,Blues
41878,Anime
70339,Anime
81317,Rock
40320,Alternative
28372,Classical
37076,Electronic
79513,Rock
25929,Alternative
83183,Country
25072,Blues
51366,Electronic
48004,Rap
50733,Alternative
74818,Rap
23036,Anime
77046,Jazz
67631,Jazz
69578,Rock
82260,Blues
54231,Classical
37268,Country
37748,Hip-Hop
40863,Country
80830,Blues
22789,Electronic
71769,Classical
22402,Alternative
67516,Anime
68538,Classical
71181,Country
55865,Rap
88546,Anime
51583,Country
55071,Anime
86643,Blues
68228,Country
46539,Classical
51082,Blues
50715,Jazz
33062,Hip-Hop
83674,Blues
32069,Country
53516,Anime
20808,Rock
57473,Country
37012,Rap
33598,Rock
46290,Electronic
55462,Alternative
53692,Rock
54765,Country
55671,Country
70542,Rap
50500,Alternative
70957,Electronic
78301,Electronic
36970,Anime
54675,Rock
78460,Alternative
50673,Electronic
20515,Blues
32880,Rap
37120,Blues
55315,Blues
51810,Alternative
25543,Electronic
70256,Blues
90091,Rap
90553,Alternative
62664,Rap
74616,Rap
65000,Blues
45710,Alternative
31774,Electronic
36172,Country
40134,Electronic
69469,Electronic
43542,Alternative
54455,Alternative
50085,Anime
85837,Electronic
91213,Blues
41557,Alternative
30880,Rap
22850,Hip-Hop
85833,Electronic
68489,Electronic
49497,Country
49272,Classical
73878,Electronic
64304,Electronic
79435,Blues
64740,Blues
22224,Electronic
85341,Rap
50156,Rock
35411,Electronic
88433,Alternative
76598,Classical
84534,Rock
84433,Country
32719,Rap
28963,Rap
25571,Blues
40547,Electronic
71584,Rap
71867,Electronic
61358,Country
73165,Classical
31652,Electronic
66206,Country
41496,Anime
47280,Rock
51806,Country
56318,Blues
33537,Alternative
74123,Rock
69136,Alternative
75526,Rock
44972,Blues
64735,Classical
66355,Rap
32862,Hip-Hop
49171,Classical
85903,Anime
45016,Jazz
25344,Alternative
66840,Rap
88988,Electronic
51531,Rap
41685,Blues
74377,Electronic
71074,Hip-Hop
46651,Classical
65111,Alternative
53347,Alternative
55695,Rap
56393,Rap
84644,Rap
60081,Blues
58080,Rap
28002,Rap
54665,Blues
76820,Anime
78963,Rap
32479,Blues
76223,Blues
76818,Electronic
72203,Electronic
88737,Country
47513,Rock
66907,Rap
54000,Electronic
46311,Rap
39730,Rap
66981,Country
25531,Electronic
89181,Electronic
59205,Electronic
88477,Anime
86758,Anime
72690,Electronic
46163,Anime
27047,Rap
88103,Blues
69372,Electronic
46593,Country
80036,Hip-Hop
81542,Blues
76305,Electronic
42552,Country
74213,Rap
64197,Rock
55235,Blues
63198,Alternative
45971,Alternative
24519,Electronic
32045,Rock
46841,Country
87406,Jazz
20938,Alternative
77493,Country
34505,Blues
50255,Blues
68535,Blues
20931,Jazz
20587,Rap
45843,Country
37484,Blues
63707,Alternative
79284,Anime
75893,Country
36723,Country
84934,Rap
89370,Rap
26734,Anime
60803,Electronic
83778,Rock
60936,Country
81234,Electronic
74647,Country
87416,Anime
89277,Blues
81045,Hip-Hop
59083,Blues
50977,Electronic
65227,Country
37274,Electronic
29942,Electronic
28616,Anime
75097,Jazz
46138,Classical
87716,Blues
63886,Anime
75769,Blues
51747,Rap
75445,Alternative
86036,Electronic
50661,Rock
23504,Classical
70673,Anime
88261,Country
30080,Blues
39922,Rap
86246,Blues
33481,Alternative
20619,Electronic
56867,Blues
81167,Anime
81583,Jazz
48197,Rap
51020,Hip-Hop
80697,Electronic
39187,Blues
85917,Anime
64378,Rock
71151,Alternative
51706,Hip-Hop
63264,Country
38148,Alternative
37067,Alternative
87309,Electronic
39925,Anime
49476,Anime
90918,Country
69478,Rock
77715,Country
76516,Alternative
32208,Rap
77582,Rock
62375,Electronic
91527,Blues
21609,Country
48099,Electronic
65251,Rap
27999,Classical
38394,Rock
48916,Blues
34450,Rap
61107,Alternative
20784,Jazz
34732,Rock
70106,Blues
64279,Rap
36621,Hip-Hop
82985,Rock
60526,Rock
90706,Blues
86153,Classical
72869,Blues
54090,Rap
75324,Country
25574,Blues
36304,Electronic
31673,Anime
46208,Jazz
91104,Blues
36130,Alternative
41959,Rap
39773,Blues
38981,Electronic
88463,Electronic
85431,Blues
49452,Anime
82538,Classical
81449,Blues
82270,Electronic
35273,Country
20063,Electronic
45162,Alternative
75355,Rock
54077,Rap
44202,Rock
83093,Anime
60288,Classical
76033,Electronic
30136,Alternative
58732,Electronic
60742,Electronic
77212,Country
50677,Hip-Hop
24565,Electronic
88255,Rock
21425,Country
76064,Rap
53539,Jazz
54382,Alternative
78603,Rap
69240,Alternative
64236,Alternative
23998,Classical
34980,Classical
49288,Classical
74433,Alternative
42189,Rap
84897,Blues
86738,Jazz
27641,Blues
41635,Jazz
84233,Anime
84169,Country
80592,Anime
71577,Alternative
37669,Classical
51597,Rap
32985,Rap
34547,Blues
81756,Electronic
61688,Electronic
43619,Jazz
87511,Classical
48774,Rap
60910,Country
26243,Alternative
56892,Rap
75498,Rap
32774,Rock
48988,Rap
44196,Country
74963,Country
68646,Blues
57522,Jazz
88711,Rock
59937,Jazz
57202,Blues
90937,Anime
91193,Jazz
71922,Rap
55650,Blues
70516,Blues
22765,Rock
49054,Alternative
31985,Electronic
60466,Alternative
42813,Anime
30417,Blues
45469,Electronic
41765,Electronic
33504,Hip-Hop
88285,Country
39603,Hip-Hop
70056,Country
39388,Country
26176,Classical
32389,Blues
31980,Anime
72832,Rock
76955,Alternative
62072,Rock
32316,Electronic
86921,Alternative
59255,Electronic
57649,Electronic
67238,Country
29119,Country
53816,Country
80019,Anime
36785,Blues
78259,Blues
89764,Blues
48039,Hip-Hop
31446,Anime
88175,Electronic
55246,Alternative
52157,Rock
57464,Classical
30733,Classical
59748,Alternative
27309,Country
52251,Jazz
51734,Alternative
90172,Country
33315,Jazz
62799,Classical
73737,Electronic
54772,Country
40686,Country
65422,Electronic
60673,Electronic
40477,Electronic
79377,Blues
26102,Blues
48428,Rap
83858,Anime
20046,Anime
49376,Alternative
55039,Electronic
90687,Blues
34408,Blues
63800,Country
57682,Country
51949,Country
62080,Rap
53983,Electronic
74652,Rap
31433,Electronic
42419,Anime
72895,Hip-Hop
53758,Blues
36117,Blues
66746,Electronic
68635,Rap
70758,Blues
22736,Electronic
60930,Country
73517,Electronic
31782,Alternative
55312,Classical
39170,Rap
74695,Blues
36777,Alternative
43780,Rock
75944,Country
67459,Rap
73801,Anime
33538,Alternative
66232,Rap
45851,Electronic
32236,Country
78371,Rock
51069,Electronic
32431,Electronic
48550,Electronic
79484,Blues
66846,Country
34590,Country
63427,Anime
33301,Blues
70849,Alternative
40284,Blues
76200,Rap
26230,Blues
21545,Jazz
86632,Rap
60089,Country
20174,Blues
43442,Alternative
65359,Rock
58376,Rock
32960,Jazz
83552,Classical
68774,Alternative
31926,Rap
85850,Electronic
32242,Electronic
74523,Rock
50188,Rap
52709,Anime
70325,Blues
75031,Blues
76137,Electronic
58522,Country
82027,Rap
83903,Blues
62271,Blues
57450,Country
78994,Blues
43909,Anime
30097,Electronic
55686,Blues
23831,Anime
65220,Rap
85918,Electronic
57303,Electronic
71360,Country
24844,Blues
91345,Electronic
76160,Anime
43584,Blues
54059,Jazz
78523,Blues
39712,Rock
23173,Classical
34240,Classical
22291,Country
86869,Alternative
75641,Rap
23346,Alternative
77047,Rock
57616,Rock
74993,Rock
41587,Electronic
21008,Rock
48453,Rap
22358,Blues
83666,Electronic
23101,Electronic
88750,Alternative
55614,Country
45080,Rock
43768,Rap
50581,Blues
45356,Jazz
35917,Rap
59672,Classical
20418,Blues
38661,Alternative
62100,Rap
62802,Country
20320,Rock
25220,Blues
49250,Rap
87448,Blues
27349,Jazz
48259,Electronic
44321,Blues
37518,Blues
45982,Rap
40393,Anime
83287,Electronic
91677,Classical
35635,Rap
38614,Rock
64397,Classical
46126,Country
60059,Rock
84023,Alternative
27840,Electronic
52114,Rap
58718,Country
88037,Blues
71768,Blues
33135,Country
24939,Rap
87662,Rap
24842,Blues
32902,Rap
84225,Electronic
27723,Alternative
51252,Rap
49854,Rap
51528,Alternative
23156,Classical
31779,Country
66429,Classical
67890,Country
63632,Blues
23518,Blues
71748,Rock
81954,Rap
57761,Classical
60403,Blues
49932,Classical
34976,Jazz
41383,Alternative
72167,Blues
29473,Blues
30694,Anime
65999,Alternative
22872,Hip-Hop
49961,Rap
72610,Country
81239,Anime
47490,Anime
37139,Alternative
52579,Anime
26965,Rock
65337,Blues
37847,Rap
67593,Electronic
76528,Blues
88166,Rap
23651,Electronic
49245,Classical
67252,Blues
61669,Blues
77976,Electronic
23255,Electronic
49922,Country
53534,Blues
64527,Anime
53960,Anime
30658,Electronic
57302,Rock
25661,Electronic
89976,Alternative
51240,Electronic
81310,Rap
29943,Alternative
73657,Blues
31544,Country
84972,Blues
53461,Electronic
64767,Classical
46904,Anime
52280,Blues
68240,Alternative
22266,Jazz
25765,Blues
77686,Classical
91569,Rap
66704,Jazz
65270,Electronic
76604,Blues
47577,Electronic
87311,Alternative
27070,Electronic
48793,Rock
87853,Electronic
58324,Classical
85010,Rock
38771,Rap
23706,Blues
69287,Jazz
79139,Blues
81566,Rap
84744,Rap
84870,Blues
56903,Rap
31722,Classical
45600,Rap
54606,Rap
40209,Blues
73823,Blues
74571,Jazz
33019,Country
29348,Rap
35043,Country
30086,Classical
73229,Anime
49559,Country
81469,Rap
26435,Electronic
74150,Alternative
47076,Anime
59955,Rap
53156,Country
88313,Alternative
58814,Classical
52731,Rap
41863,Alternative
73776,Blues
56583,Blues
29653,Blues
27580,Rap
51010,Country
72491,Rap
87495,Country
44304,Electronic
67276,Rock
46781,Classical
64054,Classical
84459,Rap
53061,Electronic
23484,Rap
36122,Rap
46287,Jazz
33247,Blues
90592,Classical
67542,Alternative
24432,Blues
73104,Classical
56045,Blues
57420,Anime
80926,Alternative
82554,Jazz
79028,Classical
84840,Rap
51323,Anime
49998,Alternative
78118,Country
69848,Rap
88690,Country
32843,Rap
74018,Jazz
57555,Rock
23673,Rap
37520,Country
22236,Jazz
63217,Rap
30664,Rap
87108,Electronic
79353,Alternative
42888,Classical
45192,Rap
25754,Blues
87241,Classical
29524,Blues
82547,Electronic
90315,Rap
67111,Rap
74792,Anime
44433,Country
39312,Electronic
86752,Blues
23485,Electronic
69502,Electronic
28761,Jazz
58163,Country
32043,Blues
33721,Rap
31770,Rap
29685,Country
90247,Anime
40372,Blues
53275,Electronic
85078,Electronic
37269,Anime
74532,Blues
26366,Electronic
22158,Alternative
21794,Alternative
55632,Blues
60659,Blues
76749,Alternative
34370,Electronic
65429,Rap
49098,Jazz
81155,Rap
50933,Rock
70700,Jazz
55113,Anime
43635,Jazz
68322,Electronic
24234,Electronic
37507,Rap
27547,Rap
48217,Rap
54252,Blues
56408,Electronic
35782,Anime
88239,Electronic
83304,Classical
46394,Blues
54454,Country
20676,Anime
37089,Rap
89219,Country
57933,Alternative
22135,Electronic
34902,Country
60016,Rock
74766,Country
47348,Rap
56803,Rap
61738,Hip-Hop
21003,Classical
41180,Country
90984,Rock
27170,Country
43374,Rap
62777,Anime
64216,Blues
24114,Alternative
34156,Rap
40347,Blues
49913,Rock
46434,Alternative
53066,Country
56423,Rap
53653,Rap
24883,Country
89554,Blues
65967,Electronic
66614,Electronic
78132,Blues
46437,Anime
61482,Classical
53142,Electronic
82463,Anime
39386,Rock
40169,Electronic
38074,Alternative
45281,Alternative
54873,Country
53531,Country
40110,Classical
40174,Country
38116,Country
23972,Rock
67050,Rock
73544,Jazz
71460,Country
58035,Classical
53568,Rap
27319,Classical
41508,Electronic
42934,Anime
35487,Jazz
48977,Blues
73300,Alternative
66060,Blues
64628,Rap
78613,Rap
58843,Blues
71611,Blues
24597,Jazz
59776,Blues
71780,Blues
70031,Anime
61892,Rap
59982,Rap
20265,Electronic
48006,Electronic
41194,Blues
60640,Classical
88272,Blues
37217,Anime
49694,Alternative
28822,Classical
91064,Rock
25911,Blues
21924,Blues
29296,Electronic
40395,Rap
43197,Rap
67195,Alternative
53104,Electronic
49862,Electronic
22069,Blues
65076,Country
38955,Rap
68338,Country
49396,Electronic
51469,Blues
52716,Alternative
56268,Blues
24143,Rap
37807,Jazz
84442,Alternative
28695,Country
58786,Country
71068,Rap
20528,Anime
29157,Anime
65962,Classical
39107,Electronic
39649,Electronic
87913,Rap
83131,Alternative
77824,Blues
74708,Rap
21238,Country
60166,Blues
27773,Classical
88047,Alternative
77238,Classical
69097,Blues
88817,Rock
44965,Blues
85310,Anime
41905,Blues
68709,Rap
56695,Rock
76391,Electronic
86076,Rap
23283,Rap
86649,Electronic
67707,Rap
83902,Classical
29535,Electronic
59238,Rock
36277,Blues
81219,Alternative
53408,Anime
42487,Anime
27762,Classical
55470,Rap
38695,Alternative
86422,Rap
86520,Anime
82696,Blues
42947,Blues
72726,Country
58734,Classical
24001,Electronic
76819,Rap
67349,Electronic
84139,Country
22499,Anime
39965,Blues
26177,Electronic
78715,Jazz
73135,Alternative
29573,Rock
82048,Rap
77511,Electronic
42421,Electronic
30592,Blues
60193,Country
48554,Country
36913,Jazz
27637,Blues
91632,Blues
88879,Blues
31538,Alternative
74021,Electronic
24142,Country
40907,Electronic
25333,Rap
26021,Alternative
48815,Rap
24366,Anime
80764,Blues
37492,Rap
63000,Classical
89716,Rock
23175,Country
20275,Electronic
51253,Rap
43052,Anime
50395,Electronic
66235,Country
81684,Country
89652,Country
25521,Anime
75775,Electronic
56587,Rap
86281,Electronic
55996,Alternative
87110,Classical
65893,Electronic
56886,Alternative
45556,Blues
34141,Rock
31963,Electronic
68212,Alternative
20624,Electronic
82456,Country
82891,Alternative
50086,Electronic
88093,Blues
33896,Anime
46256,Classical
67093,Rock
59347,Alternative
52840,Rap
76025,Country
76499,Alternative
66894,Rock
40794,Electronic
53098,Blues
51897,Electronic
34917,Blues
68600,Anime
73783,Electronic
68758,Classical
50725,Blues
23584,Classical
28533,Classical
89916,Rap
83816,Blues
73939,Rap
86954,Rap
33098,Rap
36957,Electronic
59203,Blues
55119,Alternative
38233,Rap
31303,Jazz
70354,Anime
85042,Rap
31242,Rap
82718,Classical
50598,Rap
42870,Electronic
38078,Blues
48881,Blues
32024,Electronic
47415,Country
37730,Hip-Hop
36921,Electronic
76915,Alternative
57139,Anime
21974,Blues
61602,Rap
87266,Rap
91578,Alternative
70967,Rap
71812,Alternative
56132,Electronic
44781,Country
81985,Blues
49506,Alternative
81606,Alternative
51096,Anime
89253,Country
57088,Classical
74511,Electronic
23198,Rap
64506,Anime
58722,Rap
44106,Country
83035,Alternative
68494,Alternative
22431,Jazz
69369,Rock
36680,Rap
37517,Rap
32244,Electronic
70514,Classical
78324,Anime
47521,Blues
28273,Rock
83948,Blues
68100,Rock
50484,Blues
77619,Alternative
40511,Country
68921,Rap
41945,Alternative
55244,Rap
44111,Anime
22994,Hip-Hop
53711,Rock
20473,Alternative
71419,Alternative
30352,Country
42803,Rap
24072,Rap
42329,Blues
34582,Rap
58965,Rap
75206,Blues
46946,Country
25919,Alternative
88421,Blues
57431,Alternative
27720,Electronic
80647,Country
89681,Blues
51916,Hip-Hop
87908,Rap
30859,Electronic
87573,Country
72969,Alternative
24194,Rap
68428,Rap
36501,Blues
63037,Anime
34922,Country
54586,Alternative
30449,Blues
29544,Hip-Hop
75887,Alternative
56002,Alternative
48904,Blues
83066,Alternative
23612,Alternative
62015,Alternative
80705,Alternative
81052,Rap
39477,Electronic
74029,Electronic
56978,Classical
71954,Country
69971,Alternative
65581,Electronic
44653,Blues
64846,Rock
44933,Anime
33769,Blues
26726,Country
81633,Classical
69689,Blues
60663,Classical
64109,Country
85721,Rock
65187,Rap
84436,Country
69959,Blues
40740,Classical
65959,Electronic
77108,Classical
79394,Alternative
35141,Alternative
29835,Blues
44010,Classical
56635,Classical
90145,Anime
70227,Rock
71232,Anime
58021,Alternative
58913,Electronic
64890,Rap
36541,Country
69839,Electronic
36933,Rap
60324,Blues
29320,Rock
40332,Country
88355,Blues
83085,Country
56076,Hip-Hop
40595,Rock
86139,Alternative
26438,Blues
34852,Alternative
80841,Rap
90683,Blues
60390,Blues
80464,Classical
54325,Classical
22936,Rap
80767,Blues
84186,Rock
32077,Classical
48949,Electronic
80580,Anime
56550,Country
78512,Country
55937,Jazz
23327,Rap
78356,Country
90942,Anime
81342,Rock
62745,Classical
85455,Anime
72602,Electronic
53100,Anime
64711,Blues
56419,Electronic
84049,Rock
52632,Rap
33415,Country
35376,Electronic
75722,Rap
55642,Electronic
22262,Blues
30848,Country
58098,Country
67153,Rap
47033,Alternative
42034,Rap
63179,Hip-Hop
52343,Blues
46118,Blues
73395,Alternative
56125,Anime
50015,Electronic
55704,Rock
20241,Rock
25098,Rock
91676,Electronic
49556,Jazz
54874,Electronic
42665,Electronic
59925,Classical
73734,Country
66346,Electronic
31075,Blues
61771,Country
85763,Anime
47109,Country
61495,Rap
33293,Hip-Hop
31801,Alternative
78423,Electronic
64427,Electronic
46851,Rock
23233,Country
24466,Rock
69195,Alternative
66588,Electronic
43488,Anime
50651,Electronic
71893,Rap
42846,Anime
86287,Rap
73683,Rap
89536,Country
36855,Anime
33240,Rap
68314,Rap
35705,Classical
91672,Alternative
75902,Blues
63924,Alternative
91136,Anime
51578,Country
31804,Anime
52573,Electronic
75864,Jazz
22034,Rap
42639,Rap
48583,Rap
35483,Rock
35632,Classical
52031,Blues
87952,Rap
82808,Alternative
69390,Alternative
78999,Alternative
83389,Classical
74104,Rock
41249,Jazz
89922,Country
74596,Alternative
35909,Alternative
23853,Rap
69032,Rap
41817,Rock
48778,Blues
68422,Jazz
50565,Rock
55605,Rap
29469,Hip-Hop
48125,Electronic
63223,Electronic
81700,Anime
35612,Jazz
48312,Electronic
20416,Classical
37533,Anime
25117,Alternative
27234,Country
24391,Anime
72707,Rap
22697,Alternative
56983,Anime
24799,Rap
60582,Electronic
74776,Blues
61061,Electronic
52478,Jazz
27545,Country
57525,Anime
90910,Rap
21486,Classical
79507,Blues
90593,Blues
49682,Electronic
78202,Blues
83279,Blues
25721,Rock
40700,Electronic
58603,Rock
33961,Country
38346,Rap
85589,Jazz
50792,Blues
29803,Rap
91412,Classical
68103,Classical
33530,Alternative
25469,Blues
62616,Anime
53290,Country
76727,Blues
76881,Blues
91049,Jazz
50428,Electronic
80099,Rap
29115,Alternative
55743,Blues
44045,Country
49698,Rap
66318,Anime
83270,Rap
34088,Anime
39222,Blues
53412,Blues
60512,Blues
42399,Blues
32616,Rock
91488,Electronic
50449,Alternative
77966,Electronic
88695,Country
26355,Blues
78599,Blues
62316,Electronic
28843,Rap
71375,Blues
46867,Country
79622,Electronic
84681,Electronic
22731,Alternative
26289,Blues
52642,Alternative
73313,Electronic
72417,Rap
75671,Classical
89501,Anime
40058,Alternative
87535,Anime
48166,Blues
32018,Electronic
77798,Anime
28691,Jazz
47114,Country
83637,Classical
35692,Jazz
38993,Rap
39197,Rock
68879,Blues
34180,Alternative
83437,Country
71410,Anime
32954,Country
85906,Rap
47579,Classical
55291,Alternative
49779,Electronic
31395,Country
46894,Alternative
82268,Blues
66952,Rap
44443,Alternative
24037,Country
77455,Blues
63170,Jazz
58698,Rap
21834,Rap
76191,Alternative
50210,Country
81941,Alternative
67547,Country
26757,Rap
39514,Rap
83008,Anime
50613,Rap
34924,Rock
54490,Alternative
65388,Alternative
66830,Alternative
72593,Blues
35235,Classical
91279,Classical
69692,Blues
76571,Rock
53822,Anime
82133,Rap
77350,Blues
22284,Electronic
87983,Anime
75466,Rap
30767,Rap
51816,Anime
60344,Country
34697,Country
50532,Country
26255,Rap
67924,Rap
79778,Electronic
47986,Blues
